[{
  "itag": 17,
  "format": "3GP",
  "quality": "144p",
  "title": "144p",
  "need_merge": false
},
  {
    "itag": 160,
    "format": "MP4",
    "quality": "144p",
    "title": "144p",
    "need_merge": true
  },
  {
    "itag": 5,
    "format": "FLV",
    "quality": "240p",
    "title": "240p",
    "need_merge": false
  },
  {
    "itag": 36,
    "format": "3GP",
    "quality": "240p",
    "title": "240p",
    "need_merge": false
  },
  {
    "itag": 133,
    "format": "MP4",
    "quality": "240p",
    "title": "240p",
    "need_merge": true
  },
  {
    "itag": 242,
    "format": "WebM",
    "quality": "240p",
    "title": "240p",
    "need_merge": true
  },
  {
    "itag": 34,
    "format": "FLV",
    "quality": "360p",
    "title": "360p",
    "need_merge": false
  },
  {
    "itag": 18,
    "format": "MP4",
    "quality": "360p",
    "title": "360p",
    "need_merge": false
  },
  {
    "itag": 82,
    "format": "MP4",
    "quality": "360p",
    "title": "360p",
    "need_merge": false
  },
  {
    "itag": 43,
    "format": "WebM",
    "quality": "360p",
    "title": "360p",
    "need_merge": false
  },
  {
    "itag": 100,
    "format": "WebM",
    "quality": "360p",
    "title": "360p",
    "need_merge": false
  },
  {
    "itag": 134,
    "format": "MP4",
    "quality": "360p",
    "title": "360p",
    "need_merge": true
  },
  {
    "itag": 243,
    "format": "WebM",
    "quality": "360p",
    "title": "360p",
    "need_merge": true
  },
  {
    "itag": 35,
    "format": "FLV",
    "quality": "480p",
    "title": "480p",
    "need_merge": false
  },
  {
    "itag": 83,
    "format": "MP4",
    "quality": "480p",
    "title": "480p",
    "need_merge": false
  },
  {
    "itag": 44,
    "format": "WebM",
    "quality": "480p",
    "title": "480p",
    "need_merge": false
  },
  {
    "itag": 135,
    "format": "MP4",
    "quality": "480p",
    "title": "480p",
    "need_merge": true
  },
  {
    "itag": 212,
    "format": "MP4",
    "quality": "480p",
    "title": "480p",
    "need_merge": true
  },
  {
    "itag": 78,
    "format": "MP4",
    "quality": "480p",
    "title": "480p",
    "need_merge": false
  },
  {
    "itag": 59,
    "format": "MP4",
    "quality": "480p",
    "title": "480p",
    "need_merge": false
  },
  {
    "itag": 101,
    "format": "WebM",
    "quality": "480p",
    "title": "480p",
    "need_merge": false
  },
  {
    "itag": 244,
    "format": "WebM",
    "quality": "480p",
    "title": "480p",
    "need_merge": true
  },
  {
    "itag": 245,
    "format": "WebM",
    "quality": "480p",
    "title": "480p",
    "need_merge": true
  },
  {
    "itag": 246,
    "format": "WebM",
    "quality": "480p",
    "title": "480p",
    "need_merge": true
  },
  {
    "itag": 22,
    "format": "MP4",
    "quality": "720p",
    "title": "720p HD",
    "need_merge": false
  },
  {
    "itag": 84,
    "format": "MP4",
    "quality": "720p",
    "title": "720p HD",
    "need_merge": false
  },
  {
    "itag": 136,
    "format": "MP4",
    "quality": "720p",
    "title": "720p HD",
    "need_merge": true
  },
  {
    "itag": 45,
    "format": "WebM",
    "quality": "720p",
    "title": "720p HD",
    "need_merge": false
  },
  {
    "itag": 102,
    "format": "WebM",
    "quality": "720p",
    "title": "720p HD",
    "need_merge": false
  },
  {
    "itag": 247,
    "format": "WebM",
    "quality": "720p",
    "title": "720p HD",
    "need_merge": true
  },
  {
    "itag": 37,
    "format": "MP4",
    "quality": "1080p",
    "title": "1080p HD",
    "need_merge": false
  },
  {
    "itag": 85,
    "format": "MP4",
    "quality": "1080p",
    "title": "1080p HD",
    "need_merge": false
  },
  {
    "itag": 137,
    "format": "MP4",
    "quality": "1080p",
    "title": "1080p HD",
    "need_merge": true
  },
  {
    "itag": 46,
    "format": "WebM",
    "quality": "1080p",
    "title": "1080p HD",
    "need_merge": false
  },
  {
    "itag": 248,
    "format": "WebM",
    "quality": "1080p",
    "title": "1080p HD",
    "need_merge": true
  },
  {
    "itag": 38,
    "format": "MP4",
    "quality": "2K",
    "title": "2K HD ",
    "need_merge": false
  },
  {
    "itag": 138,
    "format": "MP4",
    "quality": "2K",
    "title": "2K HD",
    "need_merge": true
  },
  {
    "itag": 264,
    "format": "MP4",
    "quality": "2K",
    "title": "2K HD",
    "need_merge": true
  },
  {
    "itag": 271,
    "format": "WebM",
    "quality": "2K",
    "title": "2K HD",
    "need_merge": true
  },
  {
    "itag": 308,
    "format": "WebM",
    "quality": "2K",
    "title": "2K HD",
    "need_merge": true
  },
  {
    "itag": 266,
    "format": "MP4",
    "quality": "4K",
    "title": "4K HD",
    "need_merge": true
  },
  {
    "itag": 313,
    "format": "WebM",
    "quality": "4K",
    "title": "4K HD",
    "need_merge": true
  },
  {
    "itag": 315,
    "format": "WebM",
    "quality": "4K",
    "title": "4K HD",
    "need_merge": true
  },
  {
    "itag": 272,
    "format": "WebM",
    "quality": "8K",
    "title": "8K HD",
    "need_merge": true
  },
  {
    "itag": 139,
    "format": "M4A",
    "quality": "48kbps",
    "title": "48k",
    "need_merge": false
  },
  {
    "itag": 171,
    "format": "VORBIS",
    "quality": "128kbps",
    "title": "128k",
    "need_merge": false
  },
  {
    "itag": 140,
    "format": "M4A",
    "quality": "128kbps",
    "title": "128k",
    "need_merge": false
  },
  {
    "itag": 249,
    "format": "OPUS",
    "quality": "48kbps",
    "title": "48k",
    "need_merge": false
  },
  {
    "itag": 141,
    "format": "M4A",
    "quality": "256kbps",
    "title": "256k",
    "need_merge": false
  },
  {
    "itag": 172,
    "format": "VORBIS",
    "quality": "256kbps",
    "title": "256k",
    "need_merge": false
  },
  {
    "itag": 250,
    "format": "OPUS",
    "quality": "128kbps",
    "title": "128k",
    "need_merge": false
  },
  {
    "itag": 251,
    "format": "OPUS",
    "quality": "256kbps",
    "title": "256k",
    "need_merge": false
  },
  {
    "itag": 278,
    "format": "WebM",
    "quality": "144p",
    "title": "144p",
    "need_merge": true
  },
  {
    "itag": 298,
    "format": "MP4",
    "quality": "720p",
    "title": "720p HD",
    "need_merge": true
  },
  {
    "itag": 299,
    "format": "MP4",
    "quality": "1080p",
    "title": "1080p HD",
    "need_merge": true
  },
  {
    "itag": 302,
    "format": "WebM",
    "quality": "720p",
    "title": "720p HD",
    "need_merge": true
  },
  {
    "itag": 303,
    "format": "WebM",
    "quality": "1080p",
    "title": "1080p HD",
    "need_merge": true
  },
  {
    "itag": 167,
    "format": "WebM",
    "quality": "360p",
    "title": "360p",
    "need_merge": true
  },
  {
    "itag": 168,
    "format": "WebM",
    "quality": "480p",
    "title": "480p",
    "need_merge": true
  },
  {
    "itag": 169,
    "format": "WebM",
    "quality": "720p",
    "title": "720p",
    "need_merge": true
  },
  {
    "itag": 170,
    "format": "WebM",
    "quality": "1080p",
    "title": "1080p",
    "need_merge": true
  },
  {
    "itag": 218,
    "format": "WebM",
    "quality": "480p",
    "title": "480p",
    "need_merge": true
  },
  {
    "itag": 219,
    "format": "WebM",
    "quality": "480p",
    "title": "480p",
    "need_merge": true
  },
  {
    "itag": 91,
    "format": "MP4",
    "quality": "144p",
    "title": "144p",
    "need_merge": false
  },
  {
    "itag": 92,
    "format": "MP4",
    "quality": "240p",
    "title": "240p",
    "need_merge": false
  },
  {
    "itag": 93,
    "format": "MP4",
    "quality": "360p",
    "title": "360p",
    "need_merge": false
  },
  {
    "itag": 94,
    "format": "MP4",
    "quality": "480p",
    "title": "480p",
    "need_merge": false
  },
  {
    "itag": 95,
    "format": "MP4",
    "quality": "720p",
    "title": "720p",
    "need_merge": false
  },
  {
    "itag": 96,
    "format": "MP4",
    "quality": "1080p",
    "title": "1080p",
    "need_merge": false
  },
  {
    "itag": 132,
    "format": "MP4",
    "quality": "240p",
    "title": "240p",
    "need_merge": false
  }
]